{
  "good_stats": {
    "total_files": {
      "min": 8,
      "max": 1920,
      "mean": 554.1111111111111,
      "median": 435.5,
      "stdev": 483.7997749299003
    },
    "dex_files": {
      "min": 1,
      "max": 2,
      "mean": 1.0555555555555556,
      "median": 1.0,
      "stdev": 0.23570226039551584
    },
    "jar_files": {
      "min": 0,
      "max": 0,
      "mean": 0,
      "median": 0.0,
      "stdev": 0.0
    },
    "so_files": {
      "min": 0,
      "max": 0,
      "mean": 0,
      "median": 0.0,
      "stdev": 0.0
    },
    "xml_files": {
      "min": 2,
      "max": 369,
      "mean": 102.94444444444444,
      "median": 83.5,
      "stdev": 96.08542291488354
    },
    "activity_count": {
      "min": 0,
      "max": 0,
      "mean": 0,
      "median": 0.0,
      "stdev": 0.0
    },
    "service_count": {
      "min": 0,
      "max": 0,
      "mean": 0,
      "median": 0.0,
      "stdev": 0.0
    },
    "receiver_count": {
      "min": 0,
      "max": 0,
      "mean": 0,
      "median": 0.0,
      "stdev": 0.0
    },
    "provider_count": {
      "min": 0,
      "max": 0,
      "mean": 0,
      "median": 0.0,
      "stdev": 0.0
    },
    "apk_size": {
      "min": 0.22719383239746094,
      "max": 9.998058319091797,
      "mean": 2.4431811968485513,
      "median": 1.9191408157348633,
      "stdev": 2.159749283449497
    },
    "permission_count": {
      "min": 0,
      "max": 0,
      "mean": 0,
      "median": 0.0,
      "stdev": 0.0
    },
    "encryption_strings": {
      "min": 0,
      "max": 19,
      "mean": 1.8333333333333333,
      "median": 0.0,
      "stdev": 4.449058062900374
    }
  },
  "bad_stats": {
    "total_files": {
      "min": 26,
      "max": 2516,
      "mean": 1153.4545454545455,
      "median": 520,
      "stdev": 984.0139596201228
    },
    "dex_files": {
      "min": 1,
      "max": 3,
      "mean": 1.1818181818181819,
      "median": 1,
      "stdev": 0.6030226891555273
    },
    "jar_files": {
      "min": 0,
      "max": 1,
      "mean": 0.2727272727272727,
      "median": 0,
      "stdev": 0.4670993664969138
    },
    "so_files": {
      "min": 0,
      "max": 38,
      "mean": 14.454545454545455,
      "median": 2,
      "stdev": 17.095985706379356
    },
    "xml_files": {
      "min": 2,
      "max": 1124,
      "mean": 359,
      "median": 125,
      "stdev": 381.57017703169623
    },
    "activity_count": {
      "min": 0,
      "max": 0,
      "mean": 0,
      "median": 0,
      "stdev": 0.0
    },
    "service_count": {
      "min": 0,
      "max": 0,
      "mean": 0,
      "median": 0,
      "stdev": 0.0
    },
    "receiver_count": {
      "min": 0,
      "max": 0,
      "mean": 0,
      "median": 0,
      "stdev": 0.0
    },
    "provider_count": {
      "min": 0,
      "max": 0,
      "mean": 0,
      "median": 0,
      "stdev": 0.0
    },
    "apk_size": {
      "min": 2.147463798522949,
      "max": 21.030146598815918,
      "mean": 10.774130994623357,
      "median": 10.646673202514648,
      "stdev": 7.332003068145742
    },
    "permission_count": {
      "min": 0,
      "max": 1,
      "mean": 0.18181818181818182,
      "median": 0,
      "stdev": 0.40451991747794525
    },
    "encryption_strings": {
      "min": 0,
      "max": 41,
      "mean": 6,
      "median": 4,
      "stdev": 11.815244390193543
    }
  },
  "suspicious_permissions": [],
  "suspicious_pairs": [],
  "summary": {
    "good_apps": {
      "count": 18,
      "permissions": {
        "median": 0.0,
        "mean": 0
      },
      "services": {
        "median": 0.0,
        "mean": 0
      },
      "receivers": {
        "median": 0.0,
        "mean": 0
      },
      "activities": {
        "median": 0.0,
        "mean": 0
      }
    },
    "bad_apps": {
      "count": 11,
      "permissions": {
        "median": 0,
        "mean": 0.18181818181818182
      },
      "services": {
        "median": 0,
        "mean": 0
      },
      "receivers": {
        "median": 0,
        "mean": 0
      },
      "activities": {
        "median": 0,
        "mean": 0
      }
    },
    "suspicious_permissions": [],
    "suspicious_combinations": []
  },
  "malicious_indicators": [
    "Contains more native code files (median 2 SO files in malicious vs 0.0 in benign)"
  ],
  "gemini_prompt": "\n    You are an Android security expert specializing in ransomware detection. Based on analysis of 18 benign and 11 malicious APKs, these are key indicators of potentially malicious APKs:\n    \n    SUSPICIOUS PERMISSIONS:\n    \n    \n    SUSPICIOUS PERMISSION COMBINATIONS:\n    \n    \n    MALICIOUS BEHAVIORS:\n    - Contains more native code files (median 2 SO files in malicious vs 0.0 in benign)\n    \n    When analyzing an APK, look for these patterns:\n    \n    1. A benign app typically has around 0.0 permissions, while malicious apps have 0.0 (median values)\n    2. A benign app typically has 0.0 services, while malicious apps have 0.0 (median values)\n    3. A benign app typically has 0.0 receivers, while malicious apps have 0.0 (median values)\n    \n    The most reliable indicator of malicious behavior is the combination of suspicious permissions with high counts of background components (services and receivers).\n    "
}